,City,Lat,Lng,Temp,Max Temp,Humidity,Cloudiness,Wind Speed,Country,Date
0,dikson,73.5069,80.5464,16.86,16.86,95,46,5.46,RU,1621967783
1,busselton,-33.65,115.3333,47.05,47.05,77,100,8.7,AU,1621967783
2,kushima,31.4583,131.2333,65.12,65.12,83,100,5.73,JP,1621967784
3,huarmey,-10.0681,-78.1522,71.87,71.87,71,7,9.31,PE,1621967784
4,ushuaia,-54.8,-68.3,31.66,31.66,80,90,21.85,AR,1621967785
5,severo-kurilsk,50.6789,156.125,38.39,38.39,90,100,12.15,RU,1621967785
6,qandala,11.472,49.8728,86.47,86.47,67,0,5.21,SO,1621967786
7,punta arenas,-53.15,-70.9167,39.22,39.31,70,20,18.21,CL,1621967786
8,bengkulu,-3.8004,102.2655,77.25,77.25,86,32,3.87,ID,1621967787
9,albany,42.6001,-73.9662,77.25,81.0,47,99,5.53,US,1621967732
10,bathsheba,13.2167,-59.5167,86.61,86.61,51,20,15.03,BB,1621967787
11,arraial do cabo,-22.9661,-42.0278,73.26,75.16,56,0,4.61,BR,1621967788
12,college,64.8569,-147.8028,61.41,64.99,36,40,12.66,US,1621967788
13,rikitea,-23.1203,-134.9692,75.47,75.47,82,100,12.21,PF,1621967789
14,ahome,25.9167,-109.1833,91.89,95.14,30,46,5.99,MX,1621967789
15,upernavik,72.7868,-56.1549,35.92,35.92,86,76,7.29,GL,1621967789
16,paamiut,61.994,-49.6678,32.94,32.94,72,97,6.58,GL,1621967790
17,havre-saint-pierre,50.2334,-63.5986,44.96,44.96,93,90,11.5,CA,1621967790
18,nikolskoye,59.7035,30.7861,50.0,50.0,57,0,4.47,RU,1621967791
19,seoul,37.5683,126.9778,51.66,54.84,87,20,3.33,KR,1621967791
20,hermanus,-34.4187,19.2345,57.9,57.9,79,45,9.89,ZA,1621967791
21,hilo,19.7297,-155.09,77.79,80.62,80,75,4.61,US,1621967792
22,okha,53.5739,142.9478,32.0,32.0,95,100,6.98,RU,1621967792
23,cape town,-33.9258,18.4232,56.84,59.11,77,20,1.01,ZA,1621967630
24,chuy,-33.6971,-53.4616,62.44,62.44,60,2,13.38,UY,1621967793
25,half moon bay,37.4636,-122.4286,64.74,76.05,62,20,10.74,US,1621967794
26,praia da vitoria,38.7333,-27.0667,68.16,69.8,68,40,20.15,PT,1621967794
27,ilulissat,69.2167,-51.1,39.2,39.2,65,40,10.36,GL,1621967794
28,longyearbyen,78.2186,15.6401,28.4,28.4,80,75,19.57,SJ,1621967795
29,dindori,22.95,81.0833,79.27,79.27,20,97,4.16,IN,1621967796
30,jamestown,42.097,-79.2353,81.75,85.32,61,40,20.71,US,1621967796
31,padang,-0.9492,100.3543,78.8,78.8,100,40,3.44,ID,1621967529
32,east london,-33.0153,27.9116,64.4,64.4,94,0,10.36,ZA,1621967797
33,butaritari,3.0707,172.7902,81.57,81.57,80,84,14.74,KI,1621967797
34,kapaa,22.0752,-159.319,79.11,80.47,72,1,1.01,US,1621967595
35,vila velha,-20.3297,-40.2925,73.94,75.15,80,75,8.01,BR,1621967798
36,puerto ayora,-0.7393,-90.3518,79.66,84.2,61,40,19.57,EC,1621967798
37,bethel,41.3712,-73.414,72.14,78.42,57,1,1.99,US,1621967631
38,chokurdakh,70.6333,147.9167,30.74,30.74,76,8,6.98,RU,1621967799
39,ribeira grande,38.5167,-28.7,66.6,66.6,88,75,13.8,PT,1621967799
40,martapura,-3.4167,114.85,78.89,78.89,100,90,1.97,ID,1621967800
41,mar del plata,-38.0023,-57.5575,55.81,57.0,58,75,23.02,AR,1621967801
42,zhongshu,24.5167,103.7667,61.61,61.61,97,71,3.4,CN,1621967801
43,vernon,50.2581,-119.2691,63.27,71.13,55,100,2.3,CA,1621967587
44,natal,-5.795,-35.2094,86.22,86.22,54,40,11.25,BR,1621967697
45,kitui,-1.367,38.0106,66.24,66.24,62,93,11.23,KE,1621967802
46,hithadhoo,-0.6,73.0833,84.33,84.33,66,100,19.57,MV,1621967755
47,bambous virieux,-20.3428,57.7575,73.65,73.65,83,75,8.72,MU,1621967802
48,bluff,-46.6,168.3333,40.57,40.57,69,100,7.56,NZ,1621967803
49,hokitika,-42.7167,170.9667,41.56,41.56,62,0,4.97,NZ,1621967803
50,palmer,42.1584,-72.3287,73.76,73.99,46,75,8.05,US,1621967804
51,faya,18.3851,42.4509,74.3,75.2,43,20,8.05,SA,1621967804
52,mahebourg,-20.4081,57.7,73.69,73.69,83,75,8.05,MU,1621967805
53,yumen,40.2833,97.2,60.93,60.93,18,13,7.74,CN,1621967805
54,manta,-0.95,-80.7333,80.38,80.38,78,40,14.97,EC,1621967806
55,balasheyka,53.2841,48.0851,52.77,52.77,90,3,8.59,RU,1621967806
56,port antonio,18.18,-76.4612,85.26,87.91,64,5,9.53,JM,1621967807
57,viedma,-40.8135,-62.9967,54.12,54.12,29,0,12.48,AR,1621967807
58,severnyy,50.677,36.5532,66.24,66.24,52,0,2.24,RU,1621967808
59,samarai,-10.6167,150.6667,78.64,78.64,68,100,16.06,PG,1621967808
60,tura,25.5198,90.2201,73.89,73.89,98,100,5.01,IN,1621967808
61,norman wells,65.282,-126.8329,55.44,55.44,28,20,13.8,CA,1621967809
62,mathbaria,22.2876,89.9593,81.1,81.1,75,73,18.07,BD,1621967809
63,te anau,-45.4167,167.7167,34.61,34.61,78,100,0.81,NZ,1621967810
64,barrow,71.2906,-156.7887,24.82,24.82,86,90,6.91,US,1621967810
65,zaraza,9.3503,-65.3245,98.53,98.53,27,74,8.88,VE,1621967811
66,macieira de cambra,40.8594,-8.3734,58.12,65.19,65,100,4.94,PT,1621967811
67,port alfred,-33.5906,26.891,64.17,64.17,89,100,10.6,ZA,1621967811
68,mehamn,71.0357,27.8492,39.11,39.11,68,62,8.57,NO,1621967812
69,dingle,10.9995,122.6711,79.45,79.45,82,100,4.09,PH,1621967812
70,ayame,5.6083,-3.1563,77.49,77.49,91,100,4.65,CI,1621967812
71,vaini,-21.2,-175.2,64.56,64.56,100,75,10.36,TO,1621967813
72,hamilton,39.1834,-84.5333,86.85,89.2,46,40,1.99,US,1621967630
73,zlocieniec,53.5329,16.0113,49.89,49.89,73,50,9.44,PL,1621967814
74,muros,42.7762,-9.0603,60.76,62.69,60,100,12.03,ES,1621967814
75,hualmay,-11.0964,-77.6139,70.77,70.77,69,11,8.68,PE,1621967814
76,tasiilaq,65.6145,-37.6368,35.76,35.76,92,100,46.48,GL,1621967815
77,sabang,5.8933,95.3214,83.77,83.77,74,99,13.11,ID,1621967815
78,arman,59.7,150.1667,43.81,43.81,67,0,2.93,RU,1621967816
79,segezha,63.7415,34.3222,37.35,37.35,84,15,1.28,RU,1621967816
80,kailua,21.4022,-157.7394,79.5,81.07,68,16,5.14,US,1621967817
81,horodok,49.1637,26.5839,64.51,64.51,94,92,9.82,UA,1621967817
82,qaanaaq,77.484,-69.3632,32.99,32.99,74,0,6.31,GL,1621967817
83,saint-pierre,-21.3393,55.4781,69.39,71.24,74,0,4.61,RE,1621967818
84,yulara,-25.2406,130.9889,44.44,44.44,57,89,8.05,AU,1621967818
85,katobu,-4.9408,122.5276,75.25,75.25,94,99,4.36,ID,1621967819
86,narsaq,60.9167,-46.05,41.22,41.22,62,70,3.76,GL,1621967819
87,smithers,54.7804,-127.1743,55.72,55.72,47,40,2.3,CA,1621967820
88,svetlyy,54.675,20.1347,55.45,55.45,92,95,5.7,RU,1621967820
89,pangnirtung,66.1451,-65.7125,30.2,30.2,80,90,11.5,CA,1621967820
90,talnakh,69.4865,88.3972,22.46,22.46,94,54,12.62,RU,1621967821
91,neuquen,-38.9516,-68.0591,58.89,58.89,47,0,3.44,AR,1621967821
92,kemijarvi,66.7131,27.4306,43.63,43.63,56,17,3.65,FI,1621967822
93,linxia,35.6003,103.2064,55.92,55.92,46,100,7.85,CN,1621967822
94,atuona,-9.8,-139.0333,79.43,79.43,67,39,16.08,PF,1621967822
95,lampazos de naranjo,27.0167,-100.5167,92.61,92.61,41,9,9.04,MX,1621967823
96,obihiro,42.9172,143.2044,46.78,46.78,72,100,5.23,JP,1621967823
97,belyy yar,53.6039,91.3903,58.89,58.89,72,0,8.34,RU,1621967824
98,bredasdorp,-34.5322,20.0403,56.52,56.52,72,100,7.16,ZA,1621967824
99,mwene-ditu,-7.0,23.45,67.17,67.17,47,1,4.47,CD,1621967771
100,georgetown,5.4112,100.3354,81.79,83.89,86,20,3.0,MY,1621967790
101,mana,5.6592,-53.7767,80.4,80.4,86,100,7.9,GF,1621967825
102,poronaysk,49.2167,143.1167,34.36,34.36,99,100,10.71,RU,1621967825
103,port lincoln,-34.7333,135.8667,57.06,57.06,61,100,16.53,AU,1621967826
104,quetta,30.199,67.0097,72.84,72.84,19,0,1.95,PK,1621967589
105,kavieng,-2.5744,150.7967,80.37,80.37,83,100,7.74,PG,1621967826
106,yar-sale,66.8333,70.8333,37.63,37.63,51,100,7.47,RU,1621967827
107,xichang,27.8964,102.2634,65.41,65.41,82,95,1.68,CN,1621967827
108,new norfolk,-42.7826,147.0587,48.61,50.92,68,16,1.99,AU,1621967828
109,arti,56.4234,58.5328,56.68,56.68,92,48,6.73,RU,1621967828
110,santa sofia,43.9445,11.9087,62.46,70.36,68,0,6.8,IT,1621967828
111,mataura,-46.1927,168.8643,33.33,33.33,68,100,3.0,NZ,1621967829
112,opuwo,-18.0607,13.84,65.35,65.35,37,0,8.72,NA,1621967829
113,avarua,-21.2078,-159.775,77.05,77.05,100,40,3.44,CK,1621967830
114,teya,60.3778,92.6267,30.96,30.96,79,15,2.95,RU,1621967830
115,shimoda,34.6667,138.95,67.1,67.1,51,94,18.52,JP,1621967831
116,alofi,-19.0595,-169.9187,78.69,78.69,94,75,9.22,NU,1621967831
117,hobart,-42.8794,147.3294,49.95,51.26,75,12,1.99,AU,1621967832
118,aswan,24.0934,32.907,90.72,90.72,9,0,9.24,EG,1621967832
119,pisco,-13.7,-76.2167,68.05,70.02,83,97,10.36,PE,1621967833
120,kongolo,-5.3833,27.0,72.12,72.12,56,50,3.29,CD,1621967833
121,ponta do sol,32.6667,-17.1,68.13,68.63,51,100,5.37,PT,1621967833
122,salcininkai,54.3,25.3833,57.4,57.99,88,75,9.22,LT,1621967834
123,ca mau,9.1769,105.15,77.56,77.56,90,100,4.61,VN,1621967834
124,waiouru,-39.4833,175.6667,37.38,37.38,83,19,5.79,NZ,1621967834
125,margate,51.3813,1.3862,55.98,58.03,50,7,1.99,GB,1621967835
126,ambilobe,-13.2,49.05,69.62,69.62,88,8,2.44,MG,1621967836
127,tuma,55.148,40.5537,52.54,52.54,68,100,2.04,RU,1621967836
128,lebu,-37.6167,-73.65,58.42,58.42,77,91,5.14,CL,1621967836
129,isangel,-19.55,169.2667,70.92,70.92,60,96,13.02,VU,1621967837
130,lokoja,7.8024,6.743,85.82,85.82,58,100,5.77,NG,1621967837
131,syedove,47.0768,38.156,65.91,65.91,76,27,3.89,UA,1621967838
132,yinchuan,38.4681,106.2731,71.83,71.83,12,99,11.83,CN,1621967838
133,rio gallegos,-51.6226,-69.2181,42.85,42.85,56,20,23.02,AR,1621967839
134,provideniya,64.3833,-173.3,44.53,44.53,55,100,17.2,RU,1621967839
135,touros,-5.1989,-35.4608,84.2,84.2,61,20,10.36,BR,1621967839
136,solton,52.8429,86.4787,59.22,59.22,95,100,5.79,RU,1621967840
137,salaga,8.5508,-0.5188,90.09,90.09,45,92,4.23,GH,1621967840
138,santa rosa,14.3122,121.1114,84.61,86.0,74,20,5.75,PH,1621967841
139,mantua,45.1667,10.7833,65.89,70.12,64,61,5.57,IT,1621967841
140,castro,-24.7911,-50.0119,64.71,64.71,52,83,3.67,BR,1621967842
141,jasper,37.2001,-94.3502,71.64,74.01,79,75,4.0,US,1621967842
142,saskylakh,71.9167,114.0833,42.1,42.1,65,98,4.65,RU,1621967842
143,warragul,-38.1667,145.9333,53.44,55.31,73,93,8.01,AU,1621967843
144,thaton,16.9206,97.3714,77.92,77.92,90,100,6.71,MM,1621967843
145,fairbanks,64.8378,-147.7164,62.44,66.09,44,20,13.8,US,1621967815
146,faanui,-16.4833,-151.75,80.87,80.87,71,100,10.07,PF,1621967844
147,kimbe,-5.5502,150.1429,76.59,76.59,92,100,5.88,PG,1621967844
148,gander,48.9682,-54.5906,53.6,53.6,62,75,24.16,CA,1621967845
149,high level,58.5169,-117.136,46.51,46.51,29,75,2.01,CA,1621967845
150,cherskiy,68.75,161.3,48.88,48.88,43,100,5.44,RU,1621967845
151,sao filipe,14.8961,-24.4956,74.97,74.97,73,0,14.99,CV,1621967846
152,sungairaya,0.7,108.9,78.53,78.53,89,92,2.35,ID,1621967846
153,champerico,14.3,-91.9167,82.27,91.4,58,0,6.91,GT,1621967847
154,tiksi,71.6872,128.8694,28.63,28.63,86,40,2.06,RU,1621967847
155,tuktoyaktuk,69.4541,-133.0374,30.2,30.2,100,90,10.36,CA,1621967848
156,ekibastuz,51.6667,75.3667,78.04,78.04,28,6,3.89,KZ,1621967849
157,america dourada,-11.4553,-41.4361,87.78,87.78,22,1,11.7,BR,1621967849
158,pangoa,-12.1167,-73.0,68.31,68.31,97,100,0.78,PE,1621967849
159,mercedes,-34.6515,-59.4307,65.08,66.85,55,0,6.33,AR,1621967850
160,victoria,22.2855,114.1577,83.46,85.32,89,89,1.01,HK,1621967708
161,xining,36.6167,101.7667,49.42,49.42,70,100,2.3,CN,1621967850
162,namatanai,-3.6667,152.4333,78.39,78.39,87,100,4.83,PG,1621967851
163,le vauclin,14.5452,-60.8388,83.61,84.2,61,75,18.41,MQ,1621967852
164,broome,42.2506,-75.833,77.68,81.37,61,20,1.99,US,1621967852
165,tuatapere,-46.1333,167.6833,38.17,38.17,69,100,5.14,NZ,1621967853
166,sinjai,-5.1241,120.253,75.38,75.38,88,100,3.02,ID,1621967853
167,wanning,18.8003,110.3967,81.14,81.14,85,34,9.37,CN,1621967854
168,salalah,17.0151,54.0924,84.29,84.29,74,20,8.05,OM,1621967700
169,cozumel,20.5083,-86.9458,86.94,87.87,70,75,5.99,MX,1621967803
170,erzin,36.9559,36.2,74.01,75.92,64,0,2.75,TR,1621967855
171,torbay,47.6666,-52.7314,53.91,55.89,66,40,27.63,CA,1621967734
172,hurghada,27.2574,33.8129,86.04,86.04,28,0,3.44,EG,1621967855
173,namie,37.4833,141.0,56.98,59.97,67,0,13.96,JP,1621967856
174,khatanga,71.9667,102.5,30.94,30.94,97,100,6.26,RU,1621967856
175,thompson,55.7435,-97.8558,28.56,28.56,86,90,17.27,CA,1621967856
176,omboue,-1.5746,9.2618,78.15,78.15,93,83,6.44,GA,1621967857
177,luderitz,-26.6481,15.1594,61.29,61.29,80,0,13.67,NA,1621967857
178,coihaique,-45.5752,-72.0662,44.53,44.55,57,90,3.44,CL,1621967858
179,bonthe,7.5264,-12.505,80.24,80.24,82,100,3.58,SL,1621967858
180,komsomolskiy,40.4272,71.7189,75.88,75.92,38,20,2.3,UZ,1621967859
181,mount isa,-20.7333,139.5,67.77,67.77,60,75,3.44,AU,1621967859
182,coquimbo,-29.9533,-71.3436,60.53,60.53,77,0,5.35,CL,1621967860
183,klaksvik,62.2266,-6.589,52.72,52.72,91,99,15.75,FO,1621967860
184,agirish,61.9247,63.0231,53.06,53.06,71,100,3.06,RU,1621967860
185,dafeng,23.4517,108.5881,75.25,75.25,95,36,2.62,CN,1621967861
186,aurad,18.25,77.4333,88.66,88.66,24,100,10.29,IN,1621967861
187,inhambane,-23.865,35.3833,60.8,60.8,88,0,3.44,MZ,1621967862
188,olhao,37.0286,-7.8411,73.29,73.29,53,0,8.9,PT,1621967827
189,buraydah,26.326,43.975,91.85,91.85,9,0,13.2,SA,1621967863
190,port elizabeth,-33.918,25.5701,64.4,64.4,88,0,10.36,ZA,1621967774
191,carnarvon,-24.8667,113.6333,50.07,50.07,81,90,10.36,AU,1621967863
192,kodiak,57.79,-152.4072,49.51,49.51,71,1,6.91,US,1621967864
193,tanabe,33.7333,135.3667,67.93,67.93,59,93,5.01,JP,1621967864
194,vardo,70.3705,31.1107,37.38,37.6,70,75,4.61,NO,1621967864
195,deer lake,49.1667,-57.4316,58.86,58.86,51,75,20.71,CA,1621967865
196,marana,32.4367,-111.2254,91.92,95.2,6,1,0.0,US,1621967865
197,san quintin,30.4833,-115.95,70.23,70.23,56,53,10.2,MX,1621967866
198,meulaboh,4.1363,96.1285,79.07,79.07,84,100,5.91,ID,1621967866
199,sibu,2.3,111.8167,79.11,79.11,89,40,0.85,MY,1621967866
200,cidreira,-30.1811,-50.2056,66.56,66.56,49,0,11.97,BR,1621967867
201,lavrentiya,65.5833,-171.0,37.8,37.8,76,64,11.01,RU,1621967867
202,brae,60.3964,-1.353,49.91,49.91,88,100,10.89,GB,1621967868
203,ginir,7.1333,40.7,56.95,56.95,85,8,6.38,ET,1621967868
204,kaniama,-7.5667,24.1833,66.38,66.38,47,0,4.97,CD,1621967869
205,buala,-8.145,159.5921,79.36,79.36,85,95,12.39,SB,1621967869
206,mhlume,-26.0333,31.85,59.0,59.0,86,91,3.44,SZ,1621967870
207,kirkland lake,48.1446,-80.0377,68.29,68.83,77,100,8.93,CA,1621967870
208,waipawa,-41.4122,175.5153,38.08,41.04,80,45,4.56,NZ,1621967871
209,douglas,41.3,-96.167,78.13,80.98,70,75,4.0,US,1621967834
210,naze,28.3667,129.4833,69.58,69.58,64,100,1.66,JP,1621967871
211,coahuayana,18.7333,-103.6833,94.48,94.48,39,1,8.23,MX,1621967872
212,lazarev,52.225,141.5131,32.49,32.49,97,100,6.98,RU,1621967872
213,buchanan,5.8808,-10.0467,73.36,73.36,80,62,5.75,LR,1621967872
214,elliot,-31.3333,27.85,52.57,52.57,53,100,7.31,ZA,1621967873
215,cape girardeau,37.3834,-89.7168,87.37,89.11,56,97,14.34,US,1621967873
216,hambantota,6.1241,81.1185,80.94,80.94,83,75,23.76,LK,1621967874
217,kahului,20.8947,-156.47,77.99,80.83,80,1,0.0,US,1621967595
218,sur,22.5667,59.5289,91.87,91.87,38,0,13.58,OM,1621967874
219,ossora,59.2353,163.0719,34.23,34.23,100,100,4.61,RU,1621967875
220,luangwa,-15.6167,30.4167,60.85,60.85,53,0,2.53,ZM,1621967875
221,peace river,56.2501,-117.286,52.11,52.11,37,75,7.96,CA,1621967679
222,karaton,-6.3424,106.1045,82.13,82.96,88,100,3.04,ID,1621967876
223,churapcha,62.0025,132.4325,44.26,44.26,78,58,2.44,RU,1621967876
224,schramberg,48.224,8.3858,53.98,57.18,69,12,11.12,DE,1621967877
225,krasnyy yar,46.5331,48.3456,68.97,71.53,71,81,13.91,RU,1621967877
226,mount gambier,-37.8333,140.7667,51.71,51.71,76,75,17.27,AU,1621967878
227,husavik,66.0449,-17.3389,55.4,55.4,44,0,13.8,IS,1621967878
228,storforshei,66.4043,14.5233,58.78,58.78,29,0,5.57,NO,1621967879
229,ancud,-41.8697,-73.8203,49.8,50.43,94,100,12.84,CL,1621967879
230,gorontalo,0.5412,123.0595,74.88,74.88,93,94,1.77,ID,1621967880
231,luganville,-15.5333,167.1667,70.14,70.14,70,84,4.54,VU,1621967880
232,henties bay,-22.116,14.2845,67.57,67.57,65,0,12.95,NA,1621967880
233,agadir,30.4202,-9.5982,73.4,73.4,53,100,14.97,MA,1621967881
234,airai,-8.9266,125.4092,58.75,58.75,92,42,3.6,TL,1621967882
235,okhotsk,59.3833,143.3,44.2,44.2,65,91,8.1,RU,1621967882
236,gornyy,55.1153,83.9059,58.44,58.44,95,95,5.28,RU,1621967882
237,beira,-19.8436,34.8389,68.25,68.25,71,0,4.94,MZ,1621967883
238,saldanha,-33.0117,17.9442,57.25,57.25,83,30,1.19,ZA,1621967883
239,popondetta,-8.7537,148.2534,73.0,73.0,93,100,1.72,PG,1621967884
240,benghazi,32.1167,20.0667,74.57,74.57,54,0,13.71,LY,1621967884
241,mayo,38.8876,-76.5119,72.46,79.23,70,90,4.0,US,1621967885
242,hasaki,35.7333,140.8333,59.61,60.8,94,75,5.75,JP,1621967885
243,ust-nera,64.5667,143.2,43.99,43.99,62,11,4.63,RU,1621967885
244,altay,47.8667,88.1167,62.78,62.78,24,0,7.76,CN,1621967886
245,codrington,-38.2667,141.9667,52.38,52.38,78,98,26.33,AU,1621967886
246,kitimat,54.0524,-128.6534,55.9,55.9,72,57,1.01,CA,1621967887
247,nagato,34.3833,131.2,58.19,66.11,79,100,2.82,JP,1621967887
248,nome,64.5011,-165.4064,61.61,62.6,29,1,10.36,US,1621967887
249,kindu,-2.95,25.95,72.84,72.84,73,86,1.97,CD,1621967888
250,guerrero negro,27.9769,-114.0611,74.64,74.64,43,13,9.86,MX,1621967888
251,jaca,42.569,-0.5499,62.98,64.6,66,3,3.96,ES,1621967889
252,dire dawa,9.5931,41.8661,75.38,75.38,32,64,10.0,ET,1621967889
253,domoni,-12.2569,44.5319,75.99,75.99,75,7,8.79,KM,1621967890
254,namibe,-15.1961,12.1522,73.6,73.6,76,0,3.11,AO,1621967890
255,cheyenne,41.14,-104.8203,65.52,66.2,22,1,17.27,US,1621967784
256,udachnyy,66.4167,112.4,42.58,42.58,85,100,7.94,RU,1621967891
257,tiznit,29.5833,-9.5,69.48,69.48,52,100,4.63,MA,1621967892
258,bodden town,19.2833,-81.25,83.46,86.94,35,40,14.94,KY,1621967892
259,aksarka,66.5606,67.7975,36.9,36.9,76,100,9.82,RU,1621967893
260,ferrol,43.4832,-8.2369,57.43,61.05,76,100,12.26,ES,1621967893
261,yellowknife,62.456,-114.3525,41.23,41.32,52,20,3.0,CA,1621967894
262,anadyr,64.75,177.4833,44.01,45.1,65,75,25.99,RU,1621967894
263,srednekolymsk,67.45,153.6833,46.56,46.56,68,100,15.12,RU,1621967895
264,shache,38.4167,77.2406,67.33,67.33,17,55,1.77,CN,1621967729
265,saint-georges,12.0564,-61.7485,87.48,87.48,62,20,25.32,GD,1621967785
266,karratha,-20.7377,116.8463,67.42,67.42,57,0,15.26,AU,1621967895
267,camocim,-2.9022,-40.8411,85.51,85.51,67,58,10.31,BR,1621967896
268,kamyshlov,56.8428,62.7111,63.34,63.34,62,34,9.1,RU,1621967897
269,zhaoyuan,37.3592,120.3964,67.78,67.78,39,100,17.38,CN,1621967897
270,lompoc,34.6391,-120.4579,73.11,87.1,64,1,12.66,US,1621967897
271,mapiripan,2.8892,-72.1256,82.27,82.27,78,73,1.12,CO,1621967898
272,mattru,7.6244,-11.8332,78.98,78.98,88,100,3.56,SL,1621967898
273,bor,56.3567,44.0669,52.93,53.53,71,3,5.44,RU,1621967898
274,hofn,64.2539,-15.2082,45.36,45.36,82,100,14.72,IS,1621967899
275,itarema,-2.9248,-39.9167,82.15,82.15,71,51,14.16,BR,1621967899
276,saint george,37.1041,-113.5841,82.78,84.0,13,31,3.67,US,1621967900
277,kaeo,-35.1,173.7833,50.32,50.32,92,40,12.39,NZ,1621967900
278,sokoni,-6.4333,39.55,80.46,80.46,67,100,17.69,TZ,1621967900
279,sola,-13.8833,167.55,72.27,72.27,83,20,0.0,VU,1621967901
280,marang,5.2056,103.2059,78.8,78.8,89,40,3.44,MY,1621967901
281,esperance,-33.8667,121.9,49.84,49.84,82,33,8.48,AU,1621967902
282,ellisras,-23.6649,27.7443,57.27,57.27,54,10,3.67,ZA,1621967902
283,hobyo,5.3505,48.5268,78.89,78.89,80,6,21.39,SO,1621967902
284,marsh harbour,26.5412,-77.0636,76.62,76.62,65,0,11.27,BS,1621967733
285,cordoba,-31.4135,-64.1811,68.67,69.8,26,0,6.91,AR,1621967832
286,evensk,61.95,159.2333,37.15,37.15,95,100,21.36,RU,1621967903
287,aklavik,68.2191,-135.0107,33.8,36.43,86,90,12.66,CA,1621967904
288,wertheim,49.7575,9.5094,48.33,56.46,89,81,13.27,DE,1621967904
289,payo,-3.7508,103.6372,74.71,74.71,95,81,1.77,ID,1621967905
290,huichapan,20.3833,-99.65,78.58,78.58,26,0,9.24,MX,1621967905
291,kushiro,42.975,144.3747,45.45,45.45,83,100,5.53,JP,1621967905
292,saint-philippe,-21.3585,55.7679,69.31,71.15,84,54,11.65,RE,1621967906
293,kurilsk,45.2333,147.8833,39.83,39.83,97,95,12.5,RU,1621967906
294,clyde river,70.4692,-68.5914,26.6,26.6,93,100,27.63,CA,1621967907
295,whitehorse,60.7161,-135.0538,46.72,48.02,65,75,8.99,CA,1621967717
296,ilo,-17.6394,-71.3375,67.06,67.06,77,0,8.05,PE,1621967907
297,uberaba,-19.7483,-47.9319,80.6,80.6,34,0,5.75,BR,1621967908
298,kilindoni,-7.9139,39.6668,79.38,79.38,67,56,16.93,TZ,1621967908
299,verkh-usugli,52.7,115.1667,34.45,34.45,93,96,1.03,RU,1621967909
300,casper,42.8666,-106.3131,66.11,68.99,26,40,8.99,US,1621967845
301,san andres,12.5847,-81.7006,89.62,89.62,62,75,17.27,CO,1621967909
302,leh,34.1667,77.5833,42.06,42.06,47,58,3.24,IN,1621967910
303,kedainiai,55.2883,23.9747,57.67,57.67,98,100,7.65,LT,1621967910
304,san patricio,28.017,-97.5169,86.38,87.8,74,40,16.11,US,1621967911
305,sitka,57.0531,-135.33,48.09,48.09,76,40,0.0,US,1621967911
306,soyo,-6.1349,12.3689,80.65,80.65,84,30,11.88,AO,1621967911
307,colares,38.7992,-9.4469,66.4,71.28,60,0,23.4,PT,1621967912
308,raghogarh,24.45,77.2,89.1,89.1,16,100,4.21,IN,1621967912
309,nanning,22.8167,108.3167,75.2,75.2,94,75,2.24,CN,1621967913
310,melilla,35.2937,-2.9383,68.38,70.0,68,0,6.91,ES,1621967843
311,tashla,51.7716,52.7427,68.45,68.45,75,5,21.21,RU,1621967913
312,miquelon,47.0975,-56.3814,46.15,46.4,82,100,30.91,PM,1621967914
313,tanggu,39.0211,117.6469,66.16,66.16,43,100,5.57,CN,1621967914
314,fethiye,36.6217,29.1164,71.47,71.47,34,0,4.36,TR,1621967647
315,jiaozuo,35.2397,113.2331,69.26,69.26,51,100,7.27,CN,1621967898
316,linhares,-19.3911,-40.0722,75.63,75.63,68,95,7.94,BR,1621967915
317,nuuk,64.1835,-51.7216,32.61,32.61,80,75,9.22,GL,1621967915
318,tecpan,14.7623,-90.9947,66.94,70.56,64,87,5.28,GT,1621967916
319,bansi,27.1833,82.9333,84.29,84.29,70,99,9.48,IN,1621967916
320,jiuquan,39.7432,98.5174,61.54,61.54,18,100,6.29,CN,1621967916
321,zudilovo,53.4927,83.8937,76.46,76.46,82,28,5.97,RU,1621967917
322,hearst,49.6835,-83.6665,73.65,73.65,42,100,12.86,CA,1621967917
323,portland,45.5234,-122.6762,58.19,61.81,88,75,1.99,US,1621967104
324,riorges,46.0418,4.0497,56.64,58.46,79,20,2.08,FR,1621967918
325,aloleng,16.1307,119.7824,81.88,81.88,77,6,1.99,PH,1621967918
326,huescar,37.811,-2.5412,64.22,64.26,57,16,7.4,ES,1621967919
327,bac lieu,9.285,105.7244,79.86,79.86,84,100,8.52,VN,1621967919
328,iqaluit,63.7506,-68.5145,29.7,29.93,86,90,15.01,CA,1621967919
329,praia,14.9215,-23.5087,77.54,77.54,61,20,24.16,CV,1621967920
330,akyab,20.15,92.9,82.92,82.92,74,100,22.35,MM,1621967920
331,pavlodar,52.3,76.95,73.2,73.2,43,0,5.84,KZ,1621967740
332,adrar,20.5022,-10.0711,97.57,97.57,12,100,14.83,MR,1621967921
333,guhagar,17.4842,73.1929,82.24,82.24,81,100,8.32,IN,1621967921
334,selenduma,50.9131,106.2406,45.93,45.93,89,100,4.34,RU,1621967922
335,baykit,61.67,96.37,29.91,29.91,84,99,8.28,RU,1621967922
336,tilichiki,60.4667,166.1,32.83,32.83,97,100,7.11,RU,1621967923
337,suhut,38.5311,30.5458,64.51,64.51,41,0,5.88,TR,1621967923
338,karatuzskoye,53.6072,92.8667,53.67,53.67,99,100,3.31,RU,1621967924
339,palmerston,-12.486,130.9833,72.7,75.18,87,6,6.04,AU,1621967924
340,hit,33.6416,42.8251,85.06,85.06,19,58,5.99,IQ,1621967925
341,antofagasta,-23.65,-70.4,69.22,69.22,56,98,7.87,CL,1621967700
342,kazachinskoye,57.6953,93.2761,40.15,40.15,68,81,2.64,RU,1621967925
343,alice springs,-23.7,133.8833,53.15,53.15,47,40,9.37,AU,1621967925
344,camacha,33.0833,-16.3333,63.82,65.16,59,40,17.27,PT,1621967926
345,tessalit,20.1986,1.0114,101.82,101.82,5,4,12.95,ML,1621967926
346,souillac,-20.5167,57.5167,73.78,73.78,83,75,7.2,MU,1621967927
347,necochea,-38.5473,-58.7368,54.03,54.03,53,5,19.04,AR,1621967927
348,pangai,-19.8,-174.35,68.11,68.11,94,90,14.97,TO,1621967927
349,trat,12.5,102.5,82.78,82.78,98,100,3.24,TH,1621967928
350,gushikawa,26.3544,127.8686,76.39,77.0,83,75,6.91,JP,1621967929
351,balsta,59.5671,17.5278,52.29,54.0,81,100,11.23,SE,1621967929
352,flinders,-34.5833,150.8552,61.63,64.0,82,35,1.01,AU,1621967930
353,macamic,48.7502,-78.9996,66.43,66.43,88,100,12.39,CA,1621967930
354,fort nelson,58.8053,-122.7002,41.0,41.0,70,90,3.44,CA,1621967931
355,kapuskasing,49.4169,-82.4331,73.4,73.4,56,100,18.41,CA,1621967932
356,zhigansk,66.7697,123.3711,47.52,47.52,58,100,2.98,RU,1621967932
357,kasongo-lunda,-6.4667,16.8167,71.29,71.29,53,7,2.1,CD,1621967933
358,fredericksburg,38.3032,-77.4605,81.36,85.01,57,40,1.99,US,1621967814
359,oranjemund,-28.55,16.4333,59.67,59.67,96,11,11.99,NA,1621967933
360,antsohihy,-14.8796,47.9875,70.18,70.18,80,2,1.63,MG,1621967934
361,neyshabur,36.2133,58.7958,77.67,77.67,17,84,5.28,IR,1621967934
362,gazli,40.1333,63.45,84.2,84.2,24,0,8.08,UZ,1621967934
363,tynda,55.1667,124.7167,36.72,36.72,99,100,2.33,RU,1621967834
364,sao felix do xingu,-6.6447,-51.995,90.01,90.01,45,5,5.61,BR,1621967935
365,aldan,58.6031,125.3894,36.64,36.64,94,100,3.15,RU,1621967935
366,petropavlovsk-kamchatskiy,53.0452,158.6483,32.59,32.59,80,40,4.72,RU,1621967911
367,broken hill,-31.95,141.4333,46.11,46.11,76,0,12.66,AU,1621967936
368,saint-louis,16.3333,-15.0,105.8,105.8,20,100,6.91,SN,1621967937
369,kukushtan,57.6464,56.4952,58.62,58.62,87,100,9.86,RU,1621967937
370,pevek,69.7008,170.3133,29.98,29.98,79,97,3.36,RU,1621967937
371,venice,27.0998,-82.4543,85.84,93.06,63,20,8.01,US,1621967938
372,arrifes,37.7667,-25.7,64.65,64.65,68,20,11.5,PT,1621967938
373,olinda,-8.0089,-34.8553,80.33,80.33,65,75,8.77,BR,1621967938
374,svetlogorsk,52.6333,29.7333,58.8,58.8,76,25,10.94,BY,1621967939
375,la ronge,55.1001,-105.2842,33.8,33.8,69,66,17.27,CA,1621967940
376,nizhnyaya tavda,57.6731,66.1725,60.49,60.49,74,93,6.33,RU,1621967940
377,tukrah,32.5341,20.5791,72.61,72.61,58,0,10.0,LY,1621967941
378,marawi,7.9986,124.2928,66.65,66.65,86,85,1.77,PH,1621967941
379,simao,22.7886,100.9748,65.52,65.52,95,38,2.3,CN,1621967942
380,sunrise manor,36.2111,-115.0731,88.0,93.58,11,1,0.0,US,1621967942
381,biloela,-24.4167,150.5,54.95,54.95,87,2,2.42,AU,1621967768
382,turinsk,58.0458,63.696,55.69,55.69,83,55,4.38,RU,1621967942
383,barghat,22.0333,79.7167,84.6,84.6,16,97,7.45,IN,1621967943
384,leshukonskoye,64.8989,45.7622,35.06,35.06,87,100,8.05,RU,1621967943
385,kaifeng,34.7911,114.3483,70.66,70.66,53,100,17.13,CN,1621967944
386,tungor,53.3808,142.9564,32.36,32.36,95,100,5.57,RU,1621967944
387,paducah,37.0834,-88.6001,87.71,89.53,48,20,11.36,US,1621967945
388,rocha,-34.4833,-54.3333,58.53,58.53,66,0,13.42,UY,1621967945
389,amuntai,-2.4177,115.2494,74.71,74.71,96,100,1.07,ID,1621967946
390,dwarka,22.2394,68.9678,83.52,83.52,82,1,17.52,IN,1621967946
391,zhezkazgan,47.8043,67.7144,79.18,79.18,25,56,14.36,KZ,1621967947
392,chemodanovka,53.2316,45.2474,53.06,53.06,85,6,4.68,RU,1621967947
393,ostrovnoy,68.0531,39.5131,35.13,35.13,74,10,5.46,RU,1621967948
394,umarkot,25.3616,69.7362,85.95,85.95,65,2,20.83,PK,1621967948
395,sergeyevka,53.88,67.4158,76.5,76.5,29,43,8.01,KZ,1621967949
396,bende,5.5572,7.6368,76.51,76.51,93,100,5.1,NG,1621967949
397,piedra gorda,18.4341,-66.8877,83.68,86.45,87,100,17.05,PR,1621967949
398,lagos,6.5833,3.75,84.52,84.52,81,100,5.64,NG,1621967850
399,port macquarie,-31.4333,152.9167,46.44,48.16,100,14,0.0,AU,1621967950
400,iracoubo,5.4802,-53.2011,81.1,81.1,85,100,8.1,GF,1621967950
401,santander jimenez,24.2167,-98.4667,96.66,96.66,33,0,11.39,MX,1621967951
402,monroe,43.1501,-77.6831,84.02,86.43,56,75,13.8,US,1621967951
403,tucuman,-26.8241,-65.2226,71.6,71.6,43,0,5.75,AR,1621967952
404,sao joao da barra,-21.6403,-41.0511,77.0,77.0,57,20,13.8,BR,1621967952
405,noumea,-22.2763,166.4572,71.01,71.01,99,51,12.48,NC,1621967953
406,seymchan,62.8833,152.4333,42.35,42.35,75,100,17.18,RU,1621967953
407,ponta delgada,37.7333,-25.6667,66.92,66.92,68,20,11.5,PT,1621967954
408,khorramshahr,30.4397,48.1664,91.36,91.36,24,0,6.91,IR,1621967954
409,bollnas,61.3482,16.3946,49.12,49.12,73,100,7.72,SE,1621967954
410,peniche,39.3558,-9.3811,60.75,63.0,76,100,8.99,PT,1621967955
411,poso,-1.3959,120.7524,77.38,77.38,87,93,6.71,ID,1621967955
412,santa maria,-29.6842,-53.8069,67.3,67.3,37,0,6.6,BR,1621967805
413,sault sainte marie,46.5168,-84.3333,76.75,79.09,61,20,14.97,CA,1621967800
414,andenes,69.3143,16.1194,41.0,44.08,70,20,31.07,NO,1621967956
415,acarau,-2.8856,-40.12,82.8,82.8,71,68,14.25,BR,1621967945
416,lekoni,-1.5843,14.2591,79.39,79.39,70,96,2.84,GA,1621967957
417,port augusta,-32.5,137.7667,50.7,50.7,83,6,6.89,AU,1621967957
418,asau,46.4333,26.4,62.13,63.52,92,4,3.02,RO,1621967957
419,jinji,23.2281,110.8261,76.59,76.59,95,96,1.12,CN,1621967958
420,hauzenberg,48.65,13.6333,47.14,47.98,92,5,3.76,DE,1621967958
421,temerloh,3.4483,102.4176,74.82,74.82,97,98,1.61,MY,1621967958
422,zyryanka,65.75,150.85,46.69,46.69,68,99,11.88,RU,1621967959
423,zanjan,36.6736,48.4787,54.3,54.3,85,84,7.78,IR,1621967959
424,fortuna,40.5982,-124.1573,57.07,68.47,64,90,7.0,US,1621967960
425,chazuta,-6.5742,-76.1367,86.85,86.85,67,81,1.48,PE,1621967960
426,tamparan,7.8792,124.3331,68.56,68.56,87,93,1.54,PH,1621967961
427,constitucion,-35.3333,-72.4167,62.08,62.08,62,100,12.84,CL,1621967961
428,augustow,53.8432,22.9798,54.45,54.45,96,100,4.99,PL,1621967961
429,skibotn,69.3913,20.2679,42.85,45.46,79,71,2.73,NO,1621967962
430,pacific grove,36.6177,-121.9166,61.05,78.15,73,1,4.0,US,1621967962
431,barcelos,41.5388,-8.6151,64.78,68.85,72,100,7.65,PT,1621967962
432,chavakkad,10.5333,76.05,77.07,78.17,78,100,10.02,IN,1621967958
433,deputatskiy,69.3,139.9,38.59,38.59,62,6,5.28,RU,1621967963
434,derzhavinsk,51.1,66.3167,80.47,80.47,27,72,8.28,KZ,1621967963
435,puksoozero,62.5903,40.6066,37.13,37.13,97,100,5.95,RU,1621967964
436,santarem,-2.4431,-54.7083,87.93,87.93,70,20,8.05,BR,1621967799
437,loviisa,60.4566,26.2251,51.42,56.93,72,100,8.16,FI,1621967964
438,caborca,30.5838,-111.101,86.49,86.49,7,6,8.75,MX,1621967965
439,pochutla,15.7432,-96.4661,89.62,89.82,44,100,9.84,MX,1621967965
440,jacareacanga,-6.2222,-57.7528,93.51,93.51,59,40,3.44,BR,1621967965
441,timbiqui,2.7717,-77.6654,82.26,82.26,82,51,7.05,CO,1621967966
442,ust-ilimsk,58.0006,102.6619,34.72,34.72,91,44,3.04,RU,1621967966
443,los llanos de aridane,28.6585,-17.9182,68.13,68.13,75,75,17.36,ES,1621967937
444,zuwarah,32.9312,12.082,65.91,65.91,84,6,10.63,LY,1621967967
445,dhankuta,26.9833,87.3333,67.68,67.68,86,89,6.85,NP,1621967967
446,shu,43.5983,73.7614,74.23,74.23,56,76,3.18,KZ,1621967968
447,coolum beach,-26.5333,153.1,58.1,58.33,97,3,2.64,AU,1621967968
448,doha,25.2867,51.5333,95.68,96.69,39,0,3.44,QA,1621967968
449,mombetsu,44.3525,143.3525,46.74,46.74,80,59,7.45,JP,1621967969
450,coxim,-18.5067,-54.76,84.07,84.07,47,27,2.39,BR,1621967969
451,severomuysk,56.1481,113.4267,25.77,25.77,84,6,0.78,RU,1621967970
452,sembe,1.6481,14.5806,75.27,75.27,83,91,2.26,CG,1621967970
453,rawson,-43.3002,-65.1023,51.19,51.19,34,5,12.1,AR,1621967970
454,surt,31.2089,16.5887,72.54,72.54,74,5,10.63,LY,1621967971
455,cabo san lucas,22.8909,-109.9124,87.82,98.51,42,20,6.91,MX,1621967971
456,hovd,48.0056,91.6419,58.35,58.35,33,9,2.48,MN,1621967971
457,cajueiro,-9.7167,-36.45,78.98,78.98,72,8,10.36,BR,1621967972
458,lasa,46.6166,10.7002,56.59,58.91,86,3,3.87,IT,1621967972
459,bethany,45.5579,-122.8676,58.53,62.22,83,90,1.01,US,1621967973
460,vila franca do campo,37.7167,-25.4333,66.61,66.61,71,100,11.25,PT,1621967973
461,belmonte,-15.8631,-38.8828,82.9,82.9,67,1,7.25,BR,1621967974
462,acapulco,16.8634,-99.8901,89.42,89.42,62,90,10.58,MX,1621967974
463,manadhoo,5.7667,73.3833,82.38,82.38,73,100,22.3,MV,1621967974
464,port blair,11.6667,92.75,82.74,82.74,83,83,21.14,IN,1621967975
465,bonavista,48.6499,-53.1147,53.6,53.6,68,21,21.03,CA,1621967975
466,panguna,-6.3164,155.4848,68.65,68.65,97,100,2.48,PG,1621967976
467,chernyshevskiy,63.0128,112.4714,36.73,36.73,94,85,4.29,RU,1621967976
468,santa cruz das palmeiras,-21.8269,-47.2486,74.53,74.53,33,0,4.88,BR,1621967976
469,burnie,-41.0667,145.9167,53.01,53.01,89,100,14.88,AU,1621967977
470,palu,-0.8917,119.8707,76.14,76.14,94,91,3.02,ID,1621967977
471,guilin,25.2819,110.2864,73.51,73.51,95,59,1.07,CN,1621967978
472,vilyuysk,63.7553,121.6247,43.9,43.9,91,100,3.78,RU,1621967978
473,lumeje,-11.55,20.7833,61.83,61.83,51,5,4.36,AO,1621967979
474,talcher,20.95,85.2167,74.3,74.3,87,100,16.51,IN,1621967979
475,marzuq,14.4,46.4667,80.44,80.44,51,0,6.78,YE,1621967979
476,cabedelo,-6.9811,-34.8339,84.87,84.87,72,30,11.25,BR,1621967980
477,nago,26.5881,127.9761,76.95,77.43,88,79,4.85,JP,1621967980
478,soldotna,60.4878,-151.0583,56.08,63.95,42,1,6.91,US,1621967981
479,ukiah,39.1502,-123.2078,66.96,68.0,45,1,8.05,US,1621967405
480,port hardy,50.6996,-127.4199,51.98,51.98,76,90,5.75,CA,1621967981
481,saint-leu,-21.15,55.2833,68.76,70.63,76,35,1.41,RE,1621967982
482,collie,-33.3667,116.15,45.97,45.97,89,100,3.71,AU,1621967982
483,kaitangata,-46.2817,169.8464,35.83,35.83,66,100,3.8,NZ,1621967982
484,yaroslavl,57.6299,39.8737,51.6,51.6,76,0,4.05,RU,1621967983
485,olafsvik,64.8945,-23.7142,46.38,46.38,73,100,14.16,IS,1621967983
486,nanortalik,60.1432,-45.2371,34.34,34.34,68,39,5.12,GL,1621967984
487,lincoln,40.8,-96.667,80.33,82.0,61,40,10.36,US,1621967711
488,nouadhibou,20.931,-17.0347,71.58,71.58,68,24,19.57,MR,1621967984
489,alekseyevsk,57.8406,108.3492,41.92,41.92,88,100,5.93,RU,1621967984
490,treinta y tres,-33.2333,-54.3833,62.56,62.56,62,5,13.44,UY,1621967985
491,biri,12.6833,124.3636,81.7,81.7,82,37,3.78,PH,1621967985
492,kenai,60.5544,-151.2583,54.9,64.02,43,1,8.05,US,1621967986
493,north bend,43.4065,-124.2243,56.1,59.94,88,90,9.22,US,1621967986
494,eyl,7.9803,49.8164,80.2,80.2,78,6,19.46,SO,1621967986
495,cascais,38.6979,-9.4215,66.69,71.46,60,0,11.01,PT,1621967987
496,lasem,-6.6922,111.4527,77.77,77.77,87,23,6.89,ID,1621967987
497,chumikan,54.7183,135.315,30.27,30.27,92,100,1.99,RU,1621967988
498,aksu,41.1231,80.2644,72.14,72.14,14,100,5.1,CN,1621967988
499,cairns,-16.9167,145.7667,66.61,67.1,96,90,3.44,AU,1621967988
500,maumere,-8.6199,122.2111,77.81,77.81,77,17,3.74,ID,1621967989
501,beringovskiy,63.05,179.3167,32.54,32.54,98,100,5.79,RU,1621967989
502,fushun,41.8558,123.9233,58.71,58.71,46,100,15.48,CN,1621967990
503,shelburne,44.0787,-80.2041,81.37,85.89,32,100,18.07,CA,1621967990
504,lorengau,-2.0226,147.2712,77.63,77.63,93,100,9.84,PG,1621967990
505,manicore,-5.8092,-61.3003,83.39,83.39,74,100,1.7,BR,1621967991
506,sarasota,27.167,-82.3332,86.81,95.18,58,20,4.88,US,1621967832
507,houma,29.5958,-90.7195,84.65,88.0,68,40,12.66,US,1621967743
508,ler,8.3018,30.1418,84.07,84.07,53,100,5.01,SS,1621967992
509,nouakchott,18.0858,-15.9785,78.73,78.73,62,2,22.62,MR,1621967992
510,kokopo,-4.352,152.2633,74.66,74.66,92,100,7.2,PG,1621967993
511,kloulklubed,7.0419,134.2556,75.7,75.7,78,53,4.32,PW,1621967993
512,yazman,29.1212,71.7446,98.35,98.35,15,0,7.99,PK,1621967993
513,nagornyy,52.7959,83.5498,76.35,76.35,67,51,9.78,RU,1621967994
514,liaozhong,41.5061,122.7242,59.49,59.49,34,100,11.36,CN,1621967994
515,avera,33.194,-82.5271,91.26,95.72,39,96,6.42,US,1621967995
516,kupino,54.3663,77.2981,72.63,72.63,56,6,3.06,RU,1621967995
517,sawakin,19.1059,37.3321,85.46,85.46,66,21,2.66,SD,1621967995
518,turkistan,43.0,68.0,80.24,80.24,35,100,11.34,KZ,1621967996
519,cedar city,37.6775,-113.0619,70.52,73.4,14,1,4.61,US,1621967818
520,iquitos,-3.7481,-73.2472,78.84,78.84,78,75,4.61,PE,1621967758
521,rancho veloz,22.8806,-80.3917,86.49,86.49,62,52,18.39,CU,1621967996
522,tyukhtet,56.5389,89.3011,46.8,46.8,97,100,3.71,RU,1621967997
523,grand gaube,-20.0064,57.6608,72.37,73.8,82,12,5.01,MU,1621967997
524,mandera,3.9366,41.867,82.33,82.33,44,25,17.92,KE,1621967998
525,disna,55.568,28.1971,55.08,55.08,95,100,12.93,BY,1621967998
526,tema,5.667,-0.0166,84.61,84.61,79,20,11.16,GH,1621967998
527,conceicao do araguaia,-8.2578,-49.2647,95.13,95.13,36,0,3.76,BR,1621967999
528,senanga,-16.1167,23.2667,61.74,61.74,43,0,4.88,ZM,1621967999
529,bartica,6.4,-58.6167,88.12,88.12,97,100,2.55,GY,1621968000
530,kharan,28.5833,65.4167,89.28,89.28,9,0,4.56,PK,1621968000
531,tongliao,43.6125,122.2653,52.61,52.61,24,93,5.86,CN,1621968000
532,ust-kuyga,70.0167,135.6,45.72,45.72,54,14,5.64,RU,1621968001
533,isheyevka,54.4167,48.2667,54.91,54.91,85,1,5.84,RU,1621968001
534,ayorou,14.7308,0.9174,97.9,97.9,14,19,1.59,NE,1621968004
535,dunmore east,52.1514,-6.9861,54.16,56.62,77,40,4.61,IE,1621968004
536,atambua,-9.1061,124.8925,70.38,70.38,87,14,5.1,ID,1621968005
537,nizhniy baskunchak,48.2198,46.8311,64.38,64.38,77,80,16.02,RU,1621968005
538,kavaratti,10.5669,72.642,83.46,83.46,77,100,17.16,IN,1621968005
539,vavuniya,8.7514,80.4971,78.03,78.03,81,100,13.02,LK,1621968006
540,dillon,34.4166,-79.3712,88.16,93.87,44,76,6.35,US,1621968006
541,port shepstone,-30.7414,30.455,66.9,66.9,54,100,6.51,ZA,1621968007
542,carlisle,40.2015,-77.1889,70.11,75.27,72,98,1.01,US,1621968007
543,chapais,49.7834,-74.8492,62.38,62.38,96,100,10.94,CA,1621968007
544,tacuati,-23.45,-56.5833,78.1,78.1,28,100,1.74,PY,1621968008
545,baker city,44.7749,-117.8344,54.27,55.11,68,40,0.0,US,1621968008
546,shubarkuduk,49.1447,56.4872,75.76,75.76,32,99,10.07,KZ,1621968008
547,eydhafushi,5.1033,73.0708,82.27,82.27,77,100,23.78,MV,1621968009
548,nemuro,43.3236,145.575,42.94,42.94,93,98,6.76,JP,1621968009
549,usak,38.5,29.4167,68.59,68.59,31,0,8.84,TR,1621968010
550,takaka,-40.85,172.8,45.52,45.55,68,0,3.71,NZ,1621968010
551,bandarbeyla,9.4942,50.8122,79.95,79.95,82,0,25.99,SO,1621968011
552,pandamatenga,-18.5278,25.627,59.34,59.34,49,0,3.56,BW,1621968011
553,luziania,-16.2525,-47.9503,83.89,83.89,45,92,3.15,BR,1621968012
554,togur,58.3631,82.8265,45.1,45.1,90,72,3.47,RU,1621968012
555,amalapuram,16.5833,82.0167,85.12,85.12,41,100,5.41,IN,1621968012
556,raudeberg,61.9875,5.1352,53.98,62.2,87,100,19.04,NO,1621968013
557,tsaratanana,-16.7833,47.65,68.83,68.83,66,21,4.99,MG,1621968013
558,matagami,49.7502,-77.6328,66.31,66.31,82,20,11.3,CA,1621968013
559,issa,53.8705,44.8578,54.99,54.99,78,57,5.26,RU,1621968014
560,edd,13.9297,41.6925,89.56,89.56,59,10,8.28,ER,1621968014
561,bondo,3.8146,23.6866,71.58,71.58,94,83,0.43,CD,1621968015
562,nushki,29.5542,66.0215,83.53,83.53,11,0,3.47,PK,1621968015
563,pathanamthitta,9.2667,76.7833,74.43,74.43,98,100,0.25,IN,1621968015
564,les herbiers,46.8667,-1.0167,55.6,55.99,78,95,12.84,FR,1621968016
565,liwale,-9.7667,37.9333,62.44,62.44,70,8,4.72,TZ,1621968016
566,loa janan,-0.583,117.095,74.01,74.01,97,99,1.25,ID,1621968017
567,borogontsy,62.6683,131.1683,44.15,44.15,81,28,1.88,RU,1621968017
568,lulea,65.5842,22.1547,44.67,44.67,76,20,5.75,SE,1621968017
